address,topics,data,blockNumber,blockHash,timeStamp,gasPrice,gasUsed,logIndex,transactionHash,transactionIndex,decoded_data
0xc4181dc7bb31453c4a48689ce0cbe975e495321c,"['0xfbde797d201c681b91056529119e0b02407c7bb96a4a2c75c01fc9667232c8db', '0x000000000000000000000000118ba543ea810eb05be7feaf9d3db84e3d1381c6', '0x000000000000000000000000118ba543ea810eb05be7feaf9d3db84e3d1381c6', '0x000000000000000000000000118ba543ea810eb05be7feaf9d3db84e3d1381c6']",0x0000000000000000000000000000000000000000000000000001c6bf526340000000000000000000000000000000000000000000000000000001c6bf52634000,19113628,0xf2ae1d181a955e7afd88e1e1f7c357c09594ee3b18c2665aac8a693c60d36e71,1706548775,23773092918,200880,183,0xc2b9bff469683f5f3f0123f8c80c71b21b3756fd821a56347793cc55e9a90fa1,97,"{'event': 'Withdraw', 'sender': '0x118ba543ea810eb05be7feaf9d3db84e3d1381c6', 'receiver': '0x118ba543ea810eb05be7feaf9d3db84e3d1381c6', 'owner': '0x118ba543ea810eb05be7feaf9d3db84e3d1381c6', 'amount': 500000000000000, 'iShares': 500000000000000}"
0xc4181dc7bb31453c4a48689ce0cbe975e495321c,"['0xfbde797d201c681b91056529119e0b02407c7bb96a4a2c75c01fc9667232c8db', '0x000000000000000000000000b0381dc10bb93f63b236a9f8e3dc409fcd39d810', '0x000000000000000000000000b0381dc10bb93f63b236a9f8e3dc409fcd39d810', '0x000000000000000000000000b0381dc10bb93f63b236a9f8e3dc409fcd39d810']",0x00000000000000000000000000000000000000000000000001743f80aa515d4100000000000000000000000000000000000000000000000001743f80aa515d41,19154104,0xb830463e932c372059e438b65fac1daec0217b5510695a4d85c5e9811cdbfc4f,1707039479,15674635838,198904,254,0x6bc83273f6fd48b8628ddb3f7f95b3264cb8af98448b7d7db0f78fb60fb6028f,86,"{'event': 'Withdraw', 'sender': '0xb0381dc10bb93f63b236a9f8e3dc409fcd39d810', 'receiver': '0xb0381dc10bb93f63b236a9f8e3dc409fcd39d810', 'owner': '0xb0381dc10bb93f63b236a9f8e3dc409fcd39d810', 'amount': 104778513182186817, 'iShares': 104778513182186817}"
0xc4181dc7bb31453c4a48689ce0cbe975e495321c,"['0xfbde797d201c681b91056529119e0b02407c7bb96a4a2c75c01fc9667232c8db', '0x0000000000000000000000008528effbe7cdcfc9b6f9bc915c67007a09df42d0', '0x0000000000000000000000008528effbe7cdcfc9b6f9bc915c67007a09df42d0', '0x0000000000000000000000008528effbe7cdcfc9b6f9bc915c67007a09df42d0']",0x00000000000000000000000000000000000000000000000003e65002dde2800000000000000000000000000000000000000000000000000003e65002dde28000,19156126,0x6419c2964b391364e245bd7cd316c6b5fa56895534a7991ac5c5cc4c08f2e92f,1707064007,18079221727,203680,429,0x4fe01f8b0523d72e5d2cb18f2613a7e697fe1b09fd5e9ec2274eb72ba573f514,185,"{'event': 'Withdraw', 'sender': '0x8528effbe7cdcfc9b6f9bc915c67007a09df42d0', 'receiver': '0x8528effbe7cdcfc9b6f9bc915c67007a09df42d0', 'owner': '0x8528effbe7cdcfc9b6f9bc915c67007a09df42d0', 'amount': 281000000000000000, 'iShares': 281000000000000000}"
0xc4181dc7bb31453c4a48689ce0cbe975e495321c,"['0xfbde797d201c681b91056529119e0b02407c7bb96a4a2c75c01fc9667232c8db', '0x0000000000000000000000004add6471094e05293602da1d150412a783046838', '0x0000000000000000000000004add6471094e05293602da1d150412a783046838', '0x0000000000000000000000004add6471094e05293602da1d150412a783046838']",0x0000000000000000000000000000000000000000000000000d3812c03ae3acdb0000000000000000000000000000000000000000000000000d3812c03ae3acdb,19160937,0x29b990e1aafa9d5e287bde7ebb02129ecef8eb9fcd0d0ee1b64a628445fae508,1707122303,13520322917,198904,115,0x47be4ef7d2efd9335386bca662ec94fa2ce8645f124208f7568d35e7da1e169c,64,"{'event': 'Withdraw', 'sender': '0x4add6471094e05293602da1d150412a783046838', 'receiver': '0x4add6471094e05293602da1d150412a783046838', 'owner': '0x4add6471094e05293602da1d150412a783046838', 'amount': 952531938019880155, 'iShares': 952531938019880155}"
0xc4181dc7bb31453c4a48689ce0cbe975e495321c,"['0xfbde797d201c681b91056529119e0b02407c7bb96a4a2c75c01fc9667232c8db', '0x000000000000000000000000141fa59f55247d82f1f75eed57df2b3ffa715550', '0x000000000000000000000000141fa59f55247d82f1f75eed57df2b3ffa715550', '0x000000000000000000000000141fa59f55247d82f1f75eed57df2b3ffa715550']",0x0000000000000000000000000000000000000000000000000d3cb78d4c33759f0000000000000000000000000000000000000000000000000d3cb78d4c33759f,19161632,0xfa3fbc8d9d60e2c757030e4cf1652ae0d08bacbdd8a1adefce427465e1899959,1707130751,13724532787,198904,312,0x7ae850bd228431de34a15299d40448f1fe3a2a66c3b370475ddff9c3bd59df77,158,"{'event': 'Withdraw', 'sender': '0x141fa59f55247d82f1f75eed57df2b3ffa715550', 'receiver': '0x141fa59f55247d82f1f75eed57df2b3ffa715550', 'owner': '0x141fa59f55247d82f1f75eed57df2b3ffa715550', 'amount': 953839038592415135, 'iShares': 953839038592415135}"
0xc4181dc7bb31453c4a48689ce0cbe975e495321c,"['0xfbde797d201c681b91056529119e0b02407c7bb96a4a2c75c01fc9667232c8db', '0x00000000000000000000000067643f0e914fb1cd89c9fcfcec110018ae342163', '0x00000000000000000000000067643f0e914fb1cd89c9fcfcec110018ae342163', '0x00000000000000000000000067643f0e914fb1cd89c9fcfcec110018ae342163']",0x00000000000000000000000000000000000000000000000002d79364359f07b900000000000000000000000000000000000000000000000002d79364359f07b9,19165170,0xdf75a172d6a0c6a9a37ea68037a73f4b20f7c9f76cf6d3188a3e71387e6b84a6,1707173759,18033082531,198892,400,0x18b6b17d342af3d20259b3c3d82df87191417335e6bfe4ae0f2d56ffb1b9fb1a,200,"{'event': 'Withdraw', 'sender': '0x67643f0e914fb1cd89c9fcfcec110018ae342163', 'receiver': '0x67643f0e914fb1cd89c9fcfcec110018ae342163', 'owner': '0x67643f0e914fb1cd89c9fcfcec110018ae342163', 'amount': 204794366674274233, 'iShares': 204794366674274233}"
0xc4181dc7bb31453c4a48689ce0cbe975e495321c,"['0xfbde797d201c681b91056529119e0b02407c7bb96a4a2c75c01fc9667232c8db', '0x0000000000000000000000005e5a47069dd0c8c78428be27e180acba37e8e622', '0x0000000000000000000000005e5a47069dd0c8c78428be27e180acba37e8e622', '0x0000000000000000000000005e5a47069dd0c8c78428be27e180acba37e8e622']",0x0000000000000000000000000000000000000000000000000d3812c03ae3acdb0000000000000000000000000000000000000000000000000d3812c03ae3acdb,19165397,0x4f4ae50dd060824b1bb0afb5434a5bc453ff3d65c48dda10abc66a67adc77ef0,1707176483,18713869289,198904,332,0xb3f2b7cf4dbf9fe180cf047d1a5282ad599ffd3acffe28e81758026807c2ac4f,179,"{'event': 'Withdraw', 'sender': '0x5e5a47069dd0c8c78428be27e180acba37e8e622', 'receiver': '0x5e5a47069dd0c8c78428be27e180acba37e8e622', 'owner': '0x5e5a47069dd0c8c78428be27e180acba37e8e622', 'amount': 952531938019880155, 'iShares': 952531938019880155}"
0xc4181dc7bb31453c4a48689ce0cbe975e495321c,"['0xfbde797d201c681b91056529119e0b02407c7bb96a4a2c75c01fc9667232c8db', '0x000000000000000000000000e64f243b5209fcaa9017486b98fa814b67e8ca43', '0x000000000000000000000000e64f243b5209fcaa9017486b98fa814b67e8ca43', '0x000000000000000000000000e64f243b5209fcaa9017486b98fa814b67e8ca43']",0x00000000000000000000000000000000000000000000000001525e51f1c1bd2100000000000000000000000000000000000000000000000001525e51f1c1bd21,19166324,0xc9508bc4688a87c066626eae057d8750c68573cf3555942703fa83f37d8e42db,1707187715,26103462001,198904,188,0xb9d948b68de652f0d123659028e47dd464bdfeb5e98526bf9bafbbadbf74b54b,82,"{'event': 'Withdraw', 'sender': '0xe64f243b5209fcaa9017486b98fa814b67e8ca43', 'receiver': '0xe64f243b5209fcaa9017486b98fa814b67e8ca43', 'owner': '0xe64f243b5209fcaa9017486b98fa814b67e8ca43', 'amount': 95242248169569569, 'iShares': 95242248169569569}"
0xc4181dc7bb31453c4a48689ce0cbe975e495321c,"['0xfbde797d201c681b91056529119e0b02407c7bb96a4a2c75c01fc9667232c8db', '0x00000000000000000000000002d3b0c2d2a41149be91ac89e2fed7b85cbd5c7e', '0x00000000000000000000000002d3b0c2d2a41149be91ac89e2fed7b85cbd5c7e', '0x00000000000000000000000002d3b0c2d2a41149be91ac89e2fed7b85cbd5c7e']",0x00000000000000000000000000000000000000000000000007ee71a689bbce1d00000000000000000000000000000000000000000000000007ee71a689bbce1d,19167989,0xecc99fa218717c71a189aa13051a45bc43084b57463a1543660ca6f519ed6a76,1707207827,40421000336,198904,264,0x764026b6d25c65e2b746a0063071639b98a4bd4dfa8a6ab85fe35a24c5a5cfc4,167,"{'event': 'Withdraw', 'sender': '0x02d3b0c2d2a41149be91ac89e2fed7b85cbd5c7e', 'receiver': '0x02d3b0c2d2a41149be91ac89e2fed7b85cbd5c7e', 'owner': '0x02d3b0c2d2a41149be91ac89e2fed7b85cbd5c7e', 'amount': 571519162811928093, 'iShares': 571519162811928093}"
0xc4181dc7bb31453c4a48689ce0cbe975e495321c,"['0xfbde797d201c681b91056529119e0b02407c7bb96a4a2c75c01fc9667232c8db', '0x000000000000000000000000e32ccb4b4b53ff75c4f46eee04262af3f74aa8af', '0x000000000000000000000000e32ccb4b4b53ff75c4f46eee04262af3f74aa8af', '0x000000000000000000000000e32ccb4b4b53ff75c4f46eee04262af3f74aa8af']",0x0000000000000000000000000000000000000000000000000f5586641b5a05f30000000000000000000000000000000000000000000000000f5586641b5a05f3,19168951,0xae69b29dc115974aef51b852a475b2b50725f15598bb8b678a4ae2a6f5cd2306,1707219443,34665027250,198949,246,0x251ba65f5dfd13fc75a48d1289b9e29136f4b23ca0ee6263d2dd9be389481afc,115,"{'event': 'Withdraw', 'sender': '0xe32ccb4b4b53ff75c4f46eee04262af3f74aa8af', 'receiver': '0xe32ccb4b4b53ff75c4f46eee04262af3f74aa8af', 'owner': '0xe32ccb4b4b53ff75c4f46eee04262af3f74aa8af', 'amount': 1104937048103060979, 'iShares': 1104937048103060979}"
0xc4181dc7bb31453c4a48689ce0cbe975e495321c,"['0xfbde797d201c681b91056529119e0b02407c7bb96a4a2c75c01fc9667232c8db', '0x000000000000000000000000e3308b0bdad7d07d410b6ad6bd8d067384778fd4', '0x000000000000000000000000e3308b0bdad7d07d410b6ad6bd8d067384778fd4', '0x000000000000000000000000e3308b0bdad7d07d410b6ad6bd8d067384778fd4']",0x000000000000000000000000000000000000000000000000010e5c8bfb684000000000000000000000000000000000000000000000000000010e5c8bfb684000,19172186,0x2708d3be884981868d87da405e755cd4e805964bae7cc4d9881b95b30f4564db,1707258815,24348167337,198892,304,0x5d181646efae10fac35fa6d4c4c3dd79bfbbfcc8d57e312bb804b52334f74430,118,"{'event': 'Withdraw', 'sender': '0xe3308b0bdad7d07d410b6ad6bd8d067384778fd4', 'receiver': '0xe3308b0bdad7d07d410b6ad6bd8d067384778fd4', 'owner': '0xe3308b0bdad7d07d410b6ad6bd8d067384778fd4', 'amount': 76100000000000000, 'iShares': 76100000000000000}"
0xc4181dc7bb31453c4a48689ce0cbe975e495321c,"['0xfbde797d201c681b91056529119e0b02407c7bb96a4a2c75c01fc9667232c8db', '0x00000000000000000000000099329a9d73f7136ee28e344bd85132eeafae3fdc', '0x00000000000000000000000099329a9d73f7136ee28e344bd85132eeafae3fdc', '0x00000000000000000000000099329a9d73f7136ee28e344bd85132eeafae3fdc']",0x000000000000000000000000000000000000000000000000079a90ea34a9d336000000000000000000000000000000000000000000000000079a90ea34a9d336,19175873,0x39476309433a4d8b9bf1444e15ded6f8f91034ba22605313b32a8117c76e03b6,1707303527,25952162777,198904,281,0xe8d4ece73e60029342de6be732f92ba378585fa6f315c2c5a3b21987a801af61,146,"{'event': 'Withdraw', 'sender': '0x99329a9d73f7136ee28e344bd85132eeafae3fdc', 'receiver': '0x99329a9d73f7136ee28e344bd85132eeafae3fdc', 'owner': '0x99329a9d73f7136ee28e344bd85132eeafae3fdc', 'amount': 547909640259228470, 'iShares': 547909640259228470}"
0xc4181dc7bb31453c4a48689ce0cbe975e495321c,"['0xfbde797d201c681b91056529119e0b02407c7bb96a4a2c75c01fc9667232c8db', '0x000000000000000000000000d7070c94832e350009323d816a64e8f5a354b7ef', '0x000000000000000000000000d7070c94832e350009323d816a64e8f5a354b7ef', '0x000000000000000000000000d7070c94832e350009323d816a64e8f5a354b7ef']",0x000000000000000000000000000000000000000000000000069bd799b8c8b1a9000000000000000000000000000000000000000000000000069bd799b8c8b1a9,19179301,0x987ac33783353aa6fadd369a726516e79e37b4cad6e3b3f37fe0611dadf2ea2a,1707345035,33057055737,198892,155,0x237c544064ee37b4ebcdd102d78addb98190d478903d21888b3e15e89264d1b9,108,"{'event': 'Withdraw', 'sender': '0xd7070c94832e350009323d816a64e8f5a354b7ef', 'receiver': '0xd7070c94832e350009323d816a64e8f5a354b7ef', 'owner': '0xd7070c94832e350009323d816a64e8f5a354b7ef', 'amount': 476211240847847849, 'iShares': 476211240847847849}"
0xc4181dc7bb31453c4a48689ce0cbe975e495321c,"['0xfbde797d201c681b91056529119e0b02407c7bb96a4a2c75c01fc9667232c8db', '0x000000000000000000000000904aa398a9e759054c2ef3ae3f51cdbddf692f34', '0x000000000000000000000000904aa398a9e759054c2ef3ae3f51cdbddf692f34', '0x000000000000000000000000904aa398a9e759054c2ef3ae3f51cdbddf692f34']",0x0000000000000000000000000000000000000000000000000d5b2f85206667de0000000000000000000000000000000000000000000000000d5b2f85206667de,19180279,0x1c4a708b74f846c6e6b9311b7e49e890d14be7b71764755f2e26b98b944791bf,1707356939,25904634471,198904,853,0x89e25cf80b3b9828412ee7376cc6a0a943d391db11ae8dbb0258acd9c36cac22,247,"{'event': 'Withdraw', 'sender': '0x904aa398a9e759054c2ef3ae3f51cdbddf692f34', 'receiver': '0x904aa398a9e759054c2ef3ae3f51cdbddf692f34', 'owner': '0x904aa398a9e759054c2ef3ae3f51cdbddf692f34', 'amount': 962415194194470878, 'iShares': 962415194194470878}"
0xc4181dc7bb31453c4a48689ce0cbe975e495321c,"['0xfbde797d201c681b91056529119e0b02407c7bb96a4a2c75c01fc9667232c8db', '0x00000000000000000000000046523f4e792e30a266d9b29469076a1695f17081', '0x00000000000000000000000046523f4e792e30a266d9b29469076a1695f17081', '0x00000000000000000000000046523f4e792e30a266d9b29469076a1695f17081']",0x0000000000000000000000000000000000000000000000000de30ab58d0f7d1e0000000000000000000000000000000000000000000000000de30ab58d0f7d1e,19199105,0x6f7c1194e5fdd2b84bf35a3619e0e1a45fc209301cf1357307ad1f89d18881fd,1707585155,41794211292,198949,446,0xbfa99afc66cc09d19080101807551ae8007b9ee57db66a294b77295972da075f,70,"{'event': 'Withdraw', 'sender': '0x46523f4e792e30a266d9b29469076a1695f17081', 'receiver': '0x46523f4e792e30a266d9b29469076a1695f17081', 'owner': '0x46523f4e792e30a266d9b29469076a1695f17081', 'amount': 1000655317078342942, 'iShares': 1000655317078342942}"
0xc4181dc7bb31453c4a48689ce0cbe975e495321c,"['0xfbde797d201c681b91056529119e0b02407c7bb96a4a2c75c01fc9667232c8db', '0x000000000000000000000000118ba543ea810eb05be7feaf9d3db84e3d1381c6', '0x000000000000000000000000118ba543ea810eb05be7feaf9d3db84e3d1381c6', '0x000000000000000000000000118ba543ea810eb05be7feaf9d3db84e3d1381c6']",0x00000000000000000000000000000000000000000000000000005af3107a400000000000000000000000000000000000000000000000000000005af3107a4000,19210383,0xcb1fcbb96e1fc153e529eadd5da965a0fd72818ab0c27b264614b89d1198ae84,1707722015,19509333736,203668,669,0xdffee2f00770e1ff674a2c72d0b97a221535850c09790863ac0e6b7c87dcf1e0,159,"{'event': 'Withdraw', 'sender': '0x118ba543ea810eb05be7feaf9d3db84e3d1381c6', 'receiver': '0x118ba543ea810eb05be7feaf9d3db84e3d1381c6', 'owner': '0x118ba543ea810eb05be7feaf9d3db84e3d1381c6', 'amount': 100000000000000, 'iShares': 100000000000000}"
0xc4181dc7bb31453c4a48689ce0cbe975e495321c,"['0xfbde797d201c681b91056529119e0b02407c7bb96a4a2c75c01fc9667232c8db', '0x000000000000000000000000f53b2965d13404e5d13ce40c7448f8e13f04034b', '0x000000000000000000000000f53b2965d13404e5d13ce40c7448f8e13f04034b', '0x000000000000000000000000f53b2965d13404e5d13ce40c7448f8e13f04034b']",0x000000000000000000000000000000000000000000000000034e04b00eb8eb36000000000000000000000000000000000000000000000000034e04b00eb8eb36,19211010,0x08b18bd150434f0973751e181957d2cda9f2c0e63b589ab142de9b9af4580939,1707729599,21347108424,198904,174,0x8b253273f6ce9ba2d5e127ac68dc865b273c5b964e5c22342cf5b3d76140f13a,47,"{'event': 'Withdraw', 'sender': '0xf53b2965d13404e5d13ce40c7448f8e13f04034b', 'receiver': '0xf53b2965d13404e5d13ce40c7448f8e13f04034b', 'owner': '0xf53b2965d13404e5d13ce40c7448f8e13f04034b', 'amount': 238132984504970038, 'iShares': 238132984504970038}"
0xc4181dc7bb31453c4a48689ce0cbe975e495321c,"['0xfbde797d201c681b91056529119e0b02407c7bb96a4a2c75c01fc9667232c8db', '0x000000000000000000000000e5fe1f56d1de5e4faac63719d4bd35b6e9048321', '0x000000000000000000000000e5fe1f56d1de5e4faac63719d4bd35b6e9048321', '0x000000000000000000000000e5fe1f56d1de5e4faac63719d4bd35b6e9048321']",0x00000000000000000000000000000000000000000000000000a6fa404071800000000000000000000000000000000000000000000000000000a6fa4040718000,19216583,0x40899df9c1f50c45b42dc879cfc9233a99f59891add8c03b390d6e0f44e9feaf,1707796979,20623044912,198880,561,0xae859dc3948051b4fb1ae9e8cd0a39c93c1c52eba4834792f0b3f03e7a87bb9c,117,"{'event': 'Withdraw', 'sender': '0xe5fe1f56d1de5e4faac63719d4bd35b6e9048321', 'receiver': '0xe5fe1f56d1de5e4faac63719d4bd35b6e9048321', 'owner': '0xe5fe1f56d1de5e4faac63719d4bd35b6e9048321', 'amount': 47000000000000000, 'iShares': 47000000000000000}"
0xc4181dc7bb31453c4a48689ce0cbe975e495321c,"['0xfbde797d201c681b91056529119e0b02407c7bb96a4a2c75c01fc9667232c8db', '0x0000000000000000000000008b862ad4f9ad5ddc029dc982aa638ad6a910b9d2', '0x0000000000000000000000008b862ad4f9ad5ddc029dc982aa638ad6a910b9d2', '0x0000000000000000000000008b862ad4f9ad5ddc029dc982aa638ad6a910b9d2']",0x0000000000000000000000000000000000000000000000000de0b6b3a76400000000000000000000000000000000000000000000000000000de0b6b3a7640000,19229902,0x7d4f307bbc4420ee0f8c86a22a593bb37573bd00bdc9ca3407a4395b1916ac26,1707958583,21846373808,198925,315,0x255e707f8d3c025d639a31519dac1c6871ca72b8fe5df1340f31369648616342,156,"{'event': 'Withdraw', 'sender': '0x8b862ad4f9ad5ddc029dc982aa638ad6a910b9d2', 'receiver': '0x8b862ad4f9ad5ddc029dc982aa638ad6a910b9d2', 'owner': '0x8b862ad4f9ad5ddc029dc982aa638ad6a910b9d2', 'amount': 1000000000000000000, 'iShares': 1000000000000000000}"
0xc4181dc7bb31453c4a48689ce0cbe975e495321c,"['0xfbde797d201c681b91056529119e0b02407c7bb96a4a2c75c01fc9667232c8db', '0x000000000000000000000000cffda31a3d620203938469ca328c9cf69b9332e1', '0x000000000000000000000000cffda31a3d620203938469ca328c9cf69b9332e1', '0x000000000000000000000000cffda31a3d620203938469ca328c9cf69b9332e1']",0x00000000000000000000000000000000000000000000000042185dc12672604700000000000000000000000000000000000000000000000042185dc126726047,19235038,0xa37a22d352f7bd9abc5de92babcf1442ca28d0c5468958ffb251c4bf608cec77,1708020731,37996844678,198949,168,0x33af71aa1210f3b31d0efa38c54583f951370f0f116e950d86141310efb2d117,142,"{'event': 'Withdraw', 'sender': '0xcffda31a3d620203938469ca328c9cf69b9332e1', 'receiver': '0xcffda31a3d620203938469ca328c9cf69b9332e1', 'owner': '0xcffda31a3d620203938469ca328c9cf69b9332e1', 'amount': 4762659690099400775, 'iShares': 4762659690099400775}"
0xc4181dc7bb31453c4a48689ce0cbe975e495321c,"['0xfbde797d201c681b91056529119e0b02407c7bb96a4a2c75c01fc9667232c8db', '0x000000000000000000000000e23453e4d885e34b3a54096b1e5851680069649c', '0x000000000000000000000000e23453e4d885e34b3a54096b1e5851680069649c', '0x000000000000000000000000e23453e4d885e34b3a54096b1e5851680069649c']",0x0000000000000000000000000000000000000000000000000b1a2bc2ec5000000000000000000000000000000000000000000000000000000b1a2bc2ec500000,19235644,0xa95403a773848725009052b689c50ec07f841275d84606f1d69e8b4420a866cd,1708028063,81146000000,203668,48,0x770646f47e281942c9610784f635467ec2d3d3281a2085f5e00c741176d169dc,5,"{'event': 'Withdraw', 'sender': '0xe23453e4d885e34b3a54096b1e5851680069649c', 'receiver': '0xe23453e4d885e34b3a54096b1e5851680069649c', 'owner': '0xe23453e4d885e34b3a54096b1e5851680069649c', 'amount': 800000000000000000, 'iShares': 800000000000000000}"
0xc4181dc7bb31453c4a48689ce0cbe975e495321c,"['0xfbde797d201c681b91056529119e0b02407c7bb96a4a2c75c01fc9667232c8db', '0x0000000000000000000000003df02dd4458570ad303f25a3233c908e534e152d', '0x0000000000000000000000003df02dd4458570ad303f25a3233c908e534e152d', '0x0000000000000000000000003df02dd4458570ad303f25a3233c908e534e152d']",0x0000000000000000000000000000000000000000000000000126616b21b03b950000000000000000000000000000000000000000000000000126616b21b03b95,19252640,0x478645272ab8372677e9add0ba31f55fad586863029627b006ae8d0deb55db85,1708234379,16798096636,198904,209,0x563bee90f98f6de3968f20b6bb6cd9fac46fc926e0a988e5684dcf3d3a2e67e0,88,"{'event': 'Withdraw', 'sender': '0x3df02dd4458570ad303f25a3233c908e534e152d', 'receiver': '0x3df02dd4458570ad303f25a3233c908e534e152d', 'owner': '0x3df02dd4458570ad303f25a3233c908e534e152d', 'amount': 82860755907525525, 'iShares': 82860755907525525}"
0xc4181dc7bb31453c4a48689ce0cbe975e495321c,"['0xfbde797d201c681b91056529119e0b02407c7bb96a4a2c75c01fc9667232c8db', '0x00000000000000000000000037f4d11be5536a30c64305e81e324ee2bbe176a5', '0x00000000000000000000000037f4d11be5536a30c64305e81e324ee2bbe176a5', '0x00000000000000000000000037f4d11be5536a30c64305e81e324ee2bbe176a5']",0x00000000000000000000000000000000000000000000000000a93923686873c000000000000000000000000000000000000000000000000000a93923686873c0,19253154,0x3234429ace4cbc1a6e0db6529b133ba95df913c24b92a88601e0361a8e82568b,1708240655,17943231126,198892,56,0x329f40b753eef01855b5f2ae8fbc8be6cf988274f45e309ce7153a0f88a3c30a,44,"{'event': 'Withdraw', 'sender': '0x37f4d11be5536a30c64305e81e324ee2bbe176a5', 'receiver': '0x37f4d11be5536a30c64305e81e324ee2bbe176a5', 'owner': '0x37f4d11be5536a30c64305e81e324ee2bbe176a5', 'amount': 47632095302415296, 'iShares': 47632095302415296}"
0xc4181dc7bb31453c4a48689ce0cbe975e495321c,"['0xfbde797d201c681b91056529119e0b02407c7bb96a4a2c75c01fc9667232c8db', '0x000000000000000000000000b9fe66b3440edd0cf5f1d1a55c75f8a8e59b6cb2', '0x000000000000000000000000b9fe66b3440edd0cf5f1d1a55c75f8a8e59b6cb2', '0x000000000000000000000000b9fe66b3440edd0cf5f1d1a55c75f8a8e59b6cb2']",0x00000000000000000000000000000000000000000000000022b1c8c1227a000000000000000000000000000000000000000000000000000022b1c8c1227a0000,19287911,0x5bf483dbaa50a05e80976457f643d814b55afd88cc8b7014782e523d441c0710,1708662503,32081377401,198925,379,0x0085df5c2c29d0ee0b0e09b89f684ecbdb743689cf452dc12d993b55e2462103,169,"{'event': 'Withdraw', 'sender': '0xb9fe66b3440edd0cf5f1d1a55c75f8a8e59b6cb2', 'receiver': '0xb9fe66b3440edd0cf5f1d1a55c75f8a8e59b6cb2', 'owner': '0xb9fe66b3440edd0cf5f1d1a55c75f8a8e59b6cb2', 'amount': 2500000000000000000, 'iShares': 2500000000000000000}"
0xc4181dc7bb31453c4a48689ce0cbe975e495321c,"['0xfbde797d201c681b91056529119e0b02407c7bb96a4a2c75c01fc9667232c8db', '0x000000000000000000000000f7eb8cd5cb189d7b7d7763d4017d7fb2bdfa6725', '0x000000000000000000000000f7eb8cd5cb189d7b7d7763d4017d7fb2bdfa6725', '0x000000000000000000000000f7eb8cd5cb189d7b7d7763d4017d7fb2bdfa6725']",0x000000000000000000000000000000000000000000000000015268466c49f7af000000000000000000000000000000000000000000000000015268466c49f7af,19297456,0xbe7d8e05df5f2cb9bf5e863035e769144bcff0456f914d8ef4cd45b0d95967c6,1708777811,24000000000,198904,182,0x39735bbcc5d35bfe03d50f786c026313ce15d1ca22a3b904239bb01cbc985e12,189,"{'event': 'Withdraw', 'sender': '0xf7eb8cd5cb189d7b7d7763d4017d7fb2bdfa6725', 'receiver': '0xf7eb8cd5cb189d7b7d7763d4017d7fb2bdfa6725', 'owner': '0xf7eb8cd5cb189d7b7d7763d4017d7fb2bdfa6725', 'amount': 95253193801988015, 'iShares': 95253193801988015}"
0xc4181dc7bb31453c4a48689ce0cbe975e495321c,"['0xfbde797d201c681b91056529119e0b02407c7bb96a4a2c75c01fc9667232c8db', '0x0000000000000000000000008528effbe7cdcfc9b6f9bc915c67007a09df42d0', '0x0000000000000000000000008528effbe7cdcfc9b6f9bc915c67007a09df42d0', '0x0000000000000000000000008528effbe7cdcfc9b6f9bc915c67007a09df42d0']",0x00000000000000000000000000000000000000000000000001635116d3455ebe00000000000000000000000000000000000000000000000001635116d3455ebe,19304830,0x2d20933983c474f559f09f1b1cb231f37d1a6252985be2ade9aa517987071f37,1708866911,27087543928,198892,201,0xde3a7fdde7ff9587fd47a0bbed8146a39bc6d7eeb148aca68869888ee1b696fd,74,"{'event': 'Withdraw', 'sender': '0x8528effbe7cdcfc9b6f9bc915c67007a09df42d0', 'receiver': '0x8528effbe7cdcfc9b6f9bc915c67007a09df42d0', 'owner': '0x8528effbe7cdcfc9b6f9bc915c67007a09df42d0', 'amount': 100012775207952062, 'iShares': 100012775207952062}"
0xc4181dc7bb31453c4a48689ce0cbe975e495321c,"['0xfbde797d201c681b91056529119e0b02407c7bb96a4a2c75c01fc9667232c8db', '0x000000000000000000000000e23453e4d885e34b3a54096b1e5851680069649c', '0x000000000000000000000000e23453e4d885e34b3a54096b1e5851680069649c', '0x000000000000000000000000e23453e4d885e34b3a54096b1e5851680069649c']",0x00000000000000000000000000000000000000000000000002c931c187ae485700000000000000000000000000000000000000000000000002c931c187ae4857,19340767,0x60552173e867b99478e14fd503e31aac878509dd3b737348122bef6c9e67e34d,1709301455,64512729107,198892,108,0xf7dc9a884d21678dcd2ffb641fe325eaf0184773b2b97e27ebefe9d5cbd7be39,121,"{'event': 'Withdraw', 'sender': '0xe23453e4d885e34b3a54096b1e5851680069649c', 'receiver': '0xe23453e4d885e34b3a54096b1e5851680069649c', 'owner': '0xe23453e4d885e34b3a54096b1e5851680069649c', 'amount': 200746365669492823, 'iShares': 200746365669492823}"
0xc4181dc7bb31453c4a48689ce0cbe975e495321c,"['0xfbde797d201c681b91056529119e0b02407c7bb96a4a2c75c01fc9667232c8db', '0x0000000000000000000000001ed1c9c6f92dcef5c0e990d182a071c7d239a1b2', '0x0000000000000000000000001ed1c9c6f92dcef5c0e990d182a071c7d239a1b2', '0x0000000000000000000000001ed1c9c6f92dcef5c0e990d182a071c7d239a1b2']",0x0000000000000000000000000000000000000000000000000de29952a2f3552b0000000000000000000000000000000000000000000000000de29952a2f3552b,19345575,0x464cb86704753344b6574bf01416a4df798a1fff695292fe04c371125f271f1c,1709359463,42158664650,198949,240,0x539ffa6efb59b41eeb725d2fe1b3cb0724faac825a2f775e4b0430b6400ac03b,87,"{'event': 'Withdraw', 'sender': '0x1ed1c9c6f92dcef5c0e990d182a071c7d239a1b2', 'receiver': '0x1ed1c9c6f92dcef5c0e990d182a071c7d239a1b2', 'owner': '0x1ed1c9c6f92dcef5c0e990d182a071c7d239a1b2', 'amount': 1000530647429895467, 'iShares': 1000530647429895467}"
0xc4181dc7bb31453c4a48689ce0cbe975e495321c,"['0xfbde797d201c681b91056529119e0b02407c7bb96a4a2c75c01fc9667232c8db', '0x00000000000000000000000037c5d1f2554f6f646fc55df18f61407722fe69fe', '0x00000000000000000000000037c5d1f2554f6f646fc55df18f61407722fe69fe', '0x00000000000000000000000037c5d1f2554f6f646fc55df18f61407722fe69fe']",0x00000000000000000000000000000000000000000000000002c68af0bb14000000000000000000000000000000000000000000000000000002c68af0bb140000,19352762,0xd51861022ad61e7fdd6176a2866fadc4c3febed4c676529dd8b72ce6abcadbe0,1709446175,36654233041,203680,687,0x567ec1f0e344409474328b061fc2cb446ca61f46cb3f43cbe2486ddc019b2671,281,"{'event': 'Withdraw', 'sender': '0x37c5d1f2554f6f646fc55df18f61407722fe69fe', 'receiver': '0x37c5d1f2554f6f646fc55df18f61407722fe69fe', 'owner': '0x37c5d1f2554f6f646fc55df18f61407722fe69fe', 'amount': 200000000000000000, 'iShares': 200000000000000000}"
0x90e80e25abdb6205b08deba29a87f7eb039023c2,"['0xfbde797d201c681b91056529119e0b02407c7bb96a4a2c75c01fc9667232c8db', '0x000000000000000000000000118ba543ea810eb05be7feaf9d3db84e3d1381c6', '0x000000000000000000000000118ba543ea810eb05be7feaf9d3db84e3d1381c6', '0x000000000000000000000000118ba543ea810eb05be7feaf9d3db84e3d1381c6']",0x0000000000000000000000000000000000000000000000000001c6bf526340000000000000000000000000000000000000000000000000000001c6bf52634000,19113714,0x2d7cf2d1f97674c0bd66d4a9f7fd47d6b2e13298bb28e5388694e5f8218cdc3d,1706549807,22425990927,200096,387,0x8fee3565e422d0085115b653b25e7789c31c0111ace7cb33ea7a5f82e70e3f42,161,"{'event': 'Withdraw', 'sender': '0x118ba543ea810eb05be7feaf9d3db84e3d1381c6', 'receiver': '0x118ba543ea810eb05be7feaf9d3db84e3d1381c6', 'owner': '0x118ba543ea810eb05be7feaf9d3db84e3d1381c6', 'amount': 500000000000000, 'iShares': 500000000000000}"
